campaign,campaign_type,mailed_hh,other_hh,mailed_pre,mailed_during,other_pre,other_during,lift_usd_per_hh,mailed_change_pct,other_change_pct
1,TypeB,13,2487,247.97,288.71,185.91,188.40,38.25,16.4,1.3
2,TypeB,48,2452,241.01,241.57,165.37,161.43,4.50,0.2,-2.4
3,TypeC,12,2488,729.77,713.11,279.36,281.08,-18.38,-2.3,0.6
4,TypeB,81,2419,313.67,327.43,159.63,156.91,16.48,4.4,-1.7
5,TypeB,166,2334,427.69,433.34,154.58,157.32,2.91,1.3,1.8
6,TypeC,65,2435,488.56,486.08,156.29,160.49,-6.68,-0.5,2.7
7,TypeB,198,2302,363.93,373.55,155.44,163.42,1.64,2.6,5.1
8,TypeA,1076,1424,396.78,392.92,128.75,137.67,-12.78,-1.0,6.9
9,TypeB,176,2324,301.72,271.11,162.75,158.28,-26.14,-10.1,-2.7
10,TypeB,123,2377,386.13,361.95,155.53,158.77,-27.42,-6.3,2.1
11,TypeB,214,2286,532.82,494.34,215.95,209.50,-32.03,-7.2,-3.0
12,TypeB,170,2330,375.53,381.29,152.70,150.68,7.78,1.5,-1.3
13,TypeA,1077,1423,401.17,386.34,126.45,119.90,-8.28,-3.7,-5.2
14,TypeC,224,2276,785.51,757.94,292.37,284.57,-19.77,-3.5,-2.7
15,TypeC,17,2483,1518.57,1177.79,811.74,834.53,-363.57,-22.4,2.8
16,TypeB,188,2312,395.57,389.11,144.41,150.08,-12.13,-1.6,3.9
17,TypeB,202,2298,369.32,366.14,143.69,151.63,-11.12,-0.9,5.5
18,TypeA,1133,1367,435.95,470.67,139.91,159.69,14.94,8.0,14.1
19,TypeB,130,2370,344.32,366.69,157.44,161.34,18.47,6.5,2.5
20,TypeC,244,2256,813.73,884.12,308.35,320.47,58.27,8.7,3.9
21,TypeB,65,2435,421.92,460.70,167.68,170.79,35.67,9.2,1.9
22,TypeB,276,2224,380.39,390.49,148.71,152.00,6.81,2.7,2.2
23,TypeB,183,2317,551.79,534.95,178.92,181.38,-19.30,-3.1,1.4
25,TypeB,187,2313,485.93,456.87,152.72,154.43,-30.77,-6.0,1.1
26,TypeA,332,2168,309.05,323.81,171.68,181.28,5.16,4.8,5.6
27,TypeC,12,2488,685.54,665.40,295.98,315.14,-39.30,-2.9,6.5
28,TypeB,17,2483,642.70,666.52,291.83,304.46,11.19,3.7,4.3
29,TypeB,118,2382,427.80,430.10,257.34,258.84,0.80,0.5,0.6
30,TypeA,361,2139,359.97,354.46,210.69,209.70,-4.52,-1.5,-0.5
