department,commodity_desc,retailer_disc,gross_sales,disc_rate_pct,share_of_disc_pct,share_of_sales_pct,cum_share_of_disc_pct,rnk
GROCERY,"SOFT DRINKS",107873,439173,24.6,7.67,4.62,7.7,1
MEAT,"BEEF",64774,376877,17.2,4.61,3.97,12.3,2
MEAT,"CHICKEN",59750,154096,38.8,4.25,1.62,16.5,3
GROCERY,"CHEESE",50644,240623,21.0,3.60,2.53,20.1,4
GROCERY,"FLUID MILK PRODUCTS",47061,252788,18.6,3.35,2.66,23.5,5
GROCERY,"FRZN MEAT/MEAT DINNERS",46965,208273,22.5,3.34,2.19,26.8,6
GROCERY,"ICE CREAM/MILK/SHERBTS",39020,121863,32.0,2.78,1.28,29.6,7
MEAT,"PORK",37854,128122,29.5,2.69,1.35,32.3,8
GROCERY,"BAKED BREAD/BUNS/ROLLS",36928,183280,20.1,2.63,1.93,34.9,9
GROCERY,"FROZEN PIZZA",31775,178596,17.8,2.26,1.88,37.2,10
GROCERY,"COLD CEREAL",25179,137729,18.3,1.79,1.45,39.0,11
MEAT-PCKGD,"LUNCHMEAT",23380,116638,20.0,1.66,1.23,40.6,12
GROCERY,"BAG SNACKS",21767,170665,12.8,1.55,1.80,42.2,13
GROCERY,"REFRGRATD JUICES/DRNKS",21264,93617,22.7,1.51,0.99,43.7,14
MEAT-PCKGD,"MEAT - MISC",19310,85267,22.6,1.37,0.90,45.1,15
SEAFOOD-PCKGD,"SEAFOOD - FROZEN",18749,69501,27.0,1.33,0.73,46.4,16
MEAT-PCKGD,"HOT DOGS",17894,51937,34.5,1.27,0.55,47.7,17
KIOSK-GAS,"COUPON/MISC ITEMS",17223,531909,3.2,1.23,5.60,48.9,18
MEAT-PCKGD,"BACON",16827,62316,27.0,1.20,0.66,50.1,19
GROCERY,"VEGETABLES - SHELF STABLE",15194,73024,20.8,1.08,0.77,51.2,20
