department,net_sales,gross_sales,retailer_disc,mfr_disc,retailer_disc_rate_pct,pct_of_all_retailer_disc
GROCERY,4093811,4940574,823931,22831,16.7,58.6
MEAT,548786,725543,176700,57,24.4,12.6
MEAT-PCKGD,412437,533351,119792,1123,22.5,8.5
"DRUG GM",1055357,1167625,105321,6947,9.0,7.5
PRODUCE,557438,626343,68501,404,10.9,4.9
DELI,260866,283524,22510,148,7.9,1.6
SEAFOOD-PCKGD,63094,84729,21402,233,25.3,1.5
PASTRY,121740,139390,17587,64,12.6,1.3
KIOSK-GAS,544222,561448,17225,0,3.1,1.2
NUTRITION,97669,110121,12253,199,11.1,0.9
COSMETICS,32360,39669,7139,170,18.0,0.5
SEAFOOD,29497,35968,6471,0,18.0,0.5
"MISC SALES TRAN",119960,122996,3036,0,2.5,0.2
FLORAL,39653,40853,1120,80,2.7,0.1
"GARDEN CENTER",7668,8700,1032,0,11.9,0.1
"SALAD BAR",30953,31834,881,0,2.8,0.1
"MISC. TRANS.",10679,11003,323,1,2.9,0.0
"TRAVEL & LEISUR",2550,2795,244,0,8.7,0.0
"COUP/STR & MFG",1028,1281,228,25,17.8,0.0
"CHEF SHOPPE",2291,2384,93,0,3.9,0.0
RESTAURANT,1987,2040,53,0,2.6,0.0
"FROZEN GROCERY",653,687,33,0,4.9,0.0
"VIDEO RENTAL",21,34,13,0,37.6,0.0
PHOTO,41,53,9,2,17.9,0.0
"PHARMACY SUPPLY",17,20,3,0,15.1,0.0
TOYS,10,13,3,0,24.5,0.0
"GM MERCH EXP",101,104,3,0,2.9,0.0
"CHARITABLE CONT",8,10,2,0,22.4,0.0
"DAIRY DELI",73,75,2,0,2.7,0.0
HBC,9,11,1,0,12.5,0.0
"CNTRL/STORE SUP",49,49,0,0,0.0,0.0
"DELI/SNACK BAR",36,36,0,0,0.0,0.0
"ELECT &PLUMBING",1,1,0,0,0.0,0.0
MEAT-WHSE,7,7,0,0,0.0,0.0
PORK,16,16,0,0,0.0,0.0
"POSTAL CENTER",24,24,0,0,1.6,0.0
"PROD-WHS SALES",8,8,0,0,0.0,0.0
HOUSEWARES,3,3,0,0,0.0,0.0
RX,160,160,0,0,0.0,0.0
"GRO BAKERY",2,2,0,0,0.0,0.0
AUTOMOTIVE,453,453,0,0,0.0,0.0
SPIRITS,21671,21671,0,0,0.0,0.0
VIDEO,35,35,0,0,0.0,0.0
